match_id,game_mode,account_id,moving_distance,create_time,skyler_ice_wall_destroy,booyah,pet_skill_id,damage,alok_heal_hP,icewall_use,hits,skill_ids,kills,ranking_score,vehicle_kill,medkit_use,bag_inv,vest_inv,revive_teammate_times,assists,weapon_usages,final,group_mode,avatar_id,chrono_block_damage,helmet_inv,revived_times,knock_down,match_mode,rescue_times,hp_added,icewall_destroyed_times,grenade_use,headshots,headshot_killtimes,nickname,map_id,shoots,skill_info,survival_time,team_name,killing_score,end_time,oil_kill,be_killed_time,is_win,item_nums,purchased_items,round_index,kill_times,is_dead,pet_skill_name,player_state,is_in_safe_zone,is_in_bomb_zone,revive_teammate_nums,knock_down_damage_info,skill_autoflightbomb_hit_num,skill_markicewall_damage,team_id
id1621919282684801024,1,668182638,1699.0175,1675530711,0,False,1315000011,528,0,0,0,"[3206, 2306, 2506, 3806]",0,0,0,0,0,0,0,0,"[{""weapon_id"": 1, ""shoots"": 21, ""hits"": 10, ""headshots"": 4, ""kills"": 0, ""damage"": 528, ""weapon_name"": ""FIST""}]",True,3,102000020,20,0,0,2,3,0,117,0,0,0,0,19.Pilassx,1,0,"[{""skill_id"": 3806, ""active_count"": 1, ""skill_name"": ""Time Turner""}]",114,19ESPORT,1,1675530863,0,114,,,,,,,Helping Hand,1,False,False,0,"[{'account_id': '217356805', 'nickname': 'VGㅤPapi.10', 'damage': 14, 'damage_type': 1, 'time_ms': 98934}, {'account_id': '217356805', 'nickname': 'VGㅤPapi.10', 'damage': 101, 'damage_type': 1, 'time_ms': 99396}, {'account_id': '217356805', 'nickname': 'VGㅤPapi.10', 'damage': 15, 'damage_type': 1, 'time_ms': 100353}, {'account_id': '217356805', 'nickname': 'VGㅤPapi.10', 'damage': 11, 'damage_type': 1, 'time_ms': 101310}, {'account_id': '217356805', 'nickname': 'VGㅤPapi.10', 'damage': 20, 'damage_type': 1, 'time_ms': 102234}, {'account_id': '217356805', 'nickname': 'VGㅤPapi.10', 'damage': 14, 'damage_type': 1, 'time_ms': 103224}]",0,0,8
id1621919282684801024,1,1084829318,974.2995,1675530711,0,False,1315000023,385,0,0,13,"[3206, 5706, 5306, 1906]",1,0,0,0,402,0,0,0,"[{""weapon_id"": 15, ""shoots"": 17, ""hits"": 13, ""headshots"": 1, ""kills"": 1, ""damage"": 384, ""weapon_name"": ""MP40""}]",True,3,102000020,0,0,0,1,3,0,180,0,0,1,1,19.qluso,1,17,[],97,19ESPORT,1,1675530863,0,97,,,,,,,Dinoculars,1,False,False,0,"[{'account_id': '723638305', 'nickname': 'Jeisson７ㅤiGS', 'damage': 21, 'damage_type': -17, 'time_ms': 91971}, {'account_id': '37562589', 'nickname': 'ErickkㅤiGSㅤ', 'damage': 13, 'damage_type': 181, 'time_ms': 93489}, {'account_id': '37562589', 'nickname': 'ErickkㅤiGSㅤ', 'damage': 13, 'damage_type': 181, 'time_ms': 93489}, {'account_id': '37562589', 'nickname': 'ErickkㅤiGSㅤ', 'damage': 13, 'damage_type': 181, 'time_ms': 93489}, {'account_id': '37562589', 'nickname': 'ErickkㅤiGSㅤ', 'damage': 16, 'damage_type': 181, 'time_ms': 93687}, {'account_id': '37562589', 'nickname': 'ErickkㅤiGSㅤ', 'damage': 15, 'damage_type': 181, 'time_ms': 93687}, {'account_id': '37562589', 'nickname': 'ErickkㅤiGSㅤ', 'damage': 14, 'damage_type': 181, 'time_ms': 93687}, {'account_id': '37562589', 'nickname': 'ErickkㅤiGSㅤ', 'damage': 14, 'damage_type': 181, 'time_ms': 93687}, {'account_id': '37562589', 'nickname': 'ErickkㅤiGSㅤ', 'damage': 16, 'damage_type': 181, 'time_ms': 93852}, {'account_id': '37562589', 'nickname': 'ErickkㅤiGSㅤ', 'damage': 15, 'damage_type': 181, 'time_ms': 93852}, {'account_id': '37562589', 'nickname': 'ErickkㅤiGSㅤ', 'damage': 15, 'damage_type': 181, 'time_ms': 93852}, {'account_id': '37562589', 'nickname': 'ErickkㅤiGSㅤ', 'damage': 18, 'damage_type': 181, 'time_ms': 94314}, {'account_id': '37562589', 'nickname': 'ErickkㅤiGSㅤ', 'damage': 17, 'damage_type': 181, 'time_ms': 94479}]",0,0,8
id1621919282684801024,1,106076953,1584.649,1675530711,0,False,1315000008,126,0,0,0,"[5606, 4306, 4806, 2806]",0,0,0,0,0,0,0,0,"[{""weapon_id"": 1, ""shoots"": 7, ""hits"": 2, ""headshots"": 1, ""kills"": 0, ""damage"": 126, ""weapon_name"": ""FIST""}]",True,3,101000024,0,0,0,0,3,0,0,0,0,0,0,19.Elitee,1,0,[],114,19ESPORT,1,1675530863,0,114,,,,,,,Skyline Spree,1,False,False,0,"[{'account_id': '217356805', 'nickname': 'VGㅤPapi.10', 'damage': 15, 'damage_type': 1, 'time_ms': 69498}, {'account_id': '217356805', 'nickname': 'VGㅤPapi.10', 'damage': 110, 'damage_type': 1, 'time_ms': 70455}, {'account_id': '217356805', 'nickname': 'VGㅤPapi.10', 'damage': 110, 'damage_type': 1, 'time_ms': 71379}]",0,0,8
id1621919282684801024,1,1684050652,1268.9878,1675530711,0,False,1315000012,0,0,0,0,"[3206, 2506, 5306, 3806]",0,0,0,0,402,0,0,0,[],True,3,102000020,0,305,0,0,3,0,0,0,0,0,0,19.Jota,1,0,[],114,19ESPORT,1,1675530863,0,114,,,,,,,Dragon Glare,1,False,False,0,[],0,0,8
id1621919282684801024,1,89186493,1431.9517,1675530711,0,False,1315000012,22,0,0,0,"[3206, 5506, 1106, 5306]",0,1,0,0,402,0,0,0,"[{""weapon_id"": 5, ""shoots"": 6, ""hits"": 0, ""headshots"": 0, ""kills"": 0, ""damage"": 0, ""weapon_name"": ""M1014""}]",True,3,102000012,0,0,0,0,3,0,0,0,0,0,0,ESG.Jordan23,1,6,"[{""skill_id"": 5506, ""active_count"": 1, ""skill_name"": ""Senses Shockwave""}]",135,ESG,1,1675530863,0,135,,,,,,,Dragon Glare,1,False,False,0,"[{'account_id': '324871186', 'nickname': 'ZLTㅤKloss09', 'damage': 13, 'damage_type': 54, 'time_ms': 132099}, {'account_id': '407481584', 'nickname': 'ZLTㅤFixa03.', 'damage': 313, 'damage_type': 127, 'time_ms': 132165}]",1,0,9
id1621919282684801024,1,146302793,1678.06,1675530711,0,False,1315000008,947,0,0,0,"[3806, 4206, 2706, 2806]",1,1,0,0,402,303,0,0,"[{""weapon_id"": 1, ""shoots"": 2, ""hits"": 0, ""headshots"": 0, ""kills"": 0, ""damage"": 0, ""weapon_name"": ""FIST""}, {""weapon_id"": 66, ""shoots"": 0, ""hits"": 0, ""headshots"": 0, ""kills"": 1, ""damage"": 945, ""weapon_name"": ""GoldHeatGun""}]",True,3,102000024,216,0,0,2,3,0,214,0,0,0,1,ESG.TIKI444ㅤ,1,0,"[{""skill_id"": 3806, ""active_count"": 1, ""skill_name"": ""Time Turner""}]",164,ESG,1,1675530863,0,164,,,,,,,Skyline Spree,1,False,False,0,[],0,0,9
id1621919282684801024,1,165358150,1329.8335,1675530711,0,False,1315000011,0,0,0,0,"[2306, 2606, 4806, 3206]",0,1,0,0,402,302,0,0,"[{""weapon_id"": 1, ""shoots"": 3, ""hits"": 0, ""headshots"": 0, ""kills"": 0, ""damage"": 0, ""weapon_name"": ""FIST""}, {""weapon_id"": 27, ""shoots"": 1, ""hits"": 0, ""headshots"": 0, ""kills"": 0, ""damage"": 0, ""weapon_name"": ""BASEBALLPOLE""}]",True,3,102000016,0,0,0,0,3,0,28,0,0,0,0,ESG.BardoF,1,0,[],105,ESG,1,1675530863,0,105,,,,,,,Helping Hand,1,False,False,0,"[{'account_id': '324871186', 'nickname': 'ZLTㅤKloss09', 'damage': 80, 'damage_type': 54, 'time_ms': 89562}, {'account_id': '324871186', 'nickname': 'ZLTㅤKloss09', 'damage': 103, 'damage_type': 54, 'time_ms': 89793}, {'account_id': '324871186', 'nickname': 'ZLTㅤKloss09', 'damage': 21, 'damage_type': -31, 'time_ms': 91773}, {'account_id': '162073009', 'nickname': 'ZLTㅤDIPER10.', 'damage': 15, 'damage_type': 33, 'time_ms': 93324}, {'account_id': '162073009', 'nickname': 'ZLTㅤDIPER10.', 'damage': 100, 'damage_type': 33, 'time_ms': 93489}]",0,0,9
id1621919282684801024,1,11684405,1453.4016,1675530711,0,False,1315000023,0,0,0,0,"[3806, 5306, 5706, 1106]",0,1,0,0,402,0,0,0,[],True,3,102000024,0,0,0,0,3,0,0,0,1,0,0,ESG.BloqSC,1,0,[],128,ESG,1,1675530863,0,128,,,,,,,Dinoculars,1,False,False,0,"[{'account_id': '11684405', 'nickname': 'ESG.BloqSC', 'damage': 170, 'damage_type': 1401, 'time_ms': 123618}]",0,0,9
id1621919282684801024,1,264681601,3439.3274,1675530711,0,False,1315000011,216,0,1,11,"[2306, 3206, 4806, 1906]",0,3,0,0,402,0,0,1,"[{""weapon_id"": 1, ""shoots"": 3, ""hits"": 0, ""headshots"": 0, ""kills"": 0, ""damage"": 0, ""weapon_name"": ""FIST""}, {""weapon_id"": 88, ""shoots"": 19, ""hits"": 11, ""headshots"": 0, ""kills"": 0, ""damage"": 190, ""weapon_name"": ""MAC10""}]",True,3,102000016,0,0,0,0,3,0,0,1,0,0,0,FG.Pøcho,1,19,"[{""skill_id"": 1906, ""active_count"": 1, ""skill_name"": ""Thrill of Battle""}]",254,FURIOUS GAMING,4,1675530863,0,254,,,,,,,Helping Hand,1,False,False,0,"[{'account_id': '108965053', 'nickname': 'R7ㅤPatron17', 'damage': 321, 'damage_type': 48, 'time_ms': 250602}]",0,0,11
id1621919282684801024,1,65662824,3672.6062,1675530711,0,False,1315000009,641,0,4,6,"[3206, 1206, 2506, 4806]",2,3,0,1,402,0,0,0,"[{""weapon_id"": 1, ""shoots"": 5, ""hits"": 0, ""headshots"": 0, ""kills"": 0, ""damage"": 0, ""weapon_name"": ""FIST""}, {""weapon_id"": 48, ""shoots"": 15, ""hits"": 6, ""headshots"": 2, ""kills"": 2, ""damage"": 641, ""weapon_name"": ""M21A5""}]",True,3,102000020,0,0,0,2,3,0,478,0,0,2,2,FGㅤBäd.,1,15,"[{""skill_id"": 1206, ""active_count"": 3, ""skill_name"": ""Camouflage""}]",314,FURIOUS GAMING,4,1675530863,0,314,,,,,,,Smooth Gloo,1,False,False,0,"[{'account_id': '65662824', 'nickname': 'FGㅤBäd.', 'damage': 1, 'damage_type': -1, 'time_ms': 298914}, {'account_id': '65662824', 'nickname': 'FGㅤBäd.', 'damage': 1, 'damage_type': -1, 'time_ms': 299937}, {'account_id': '65662824', 'nickname': 'FGㅤBäd.', 'damage': 1, 'damage_type': -1, 'time_ms': 300960}, {'account_id': '65662824', 'nickname': 'FGㅤBäd.', 'damage': 1, 'damage_type': -1, 'time_ms': 301983}, {'account_id': '65662824', 'nickname': 'FGㅤBäd.', 'damage': 1, 'damage_type': -1, 'time_ms': 303006}, {'account_id': '108965053', 'nickname': 'R7ㅤPatron17', 'damage': 303, 'damage_type': 48, 'time_ms': 303798}]",0,0,11
id1621919282684801024,1,564972565,4017.2275,1675530711,0,False,1315000023,1628,0,7,14,"[2606, 2806, 3206, 2506]",2,3,0,1,403,302,0,1,"[{""weapon_id"": 1, ""shoots"": 6, ""hits"": 0, ""headshots"": 0, ""kills"": 0, ""damage"": 0, ""weapon_name"": ""FIST""}, {""weapon_id"": 48, ""shoots"": 20, ""hits"": 12, ""headshots"": 3, ""kills"": 2, ""damage"": 1587, ""weapon_name"": ""M21A5""}, {""weapon_id"": 88, ""shoots"": 7, ""hits"": 2, ""headshots"": 0, ""kills"": 0, ""damage"": 36, ""weapon_name"": ""MAC10""}]",True,3,101000017,0,306,0,2,3,0,192,0,0,3,2,ㅤFGㅤunknowN.,1,27,[],336,FURIOUS GAMING,4,1675530863,0,336,,,,,,,Dinoculars,1,False,False,0,[],0,0,11
id1621919282684801024,1,255370730,3568.017,1675530711,0,False,1315000008,8,0,0,0,"[3206, 5506, 5306, 5706]",0,3,0,1,402,303,0,0,"[{""weapon_id"": 89, ""shoots"": 1, ""hits"": 0, ""headshots"": 0, ""kills"": 0, ""damage"": 0, ""weapon_name"": ""AC80""}]",True,3,102000020,0,0,0,0,3,0,107,0,0,0,0,FGㅤNickõ,1,1,"[{""skill_id"": 5506, ""active_count"": 2, ""skill_name"": ""Senses Shockwave""}]",265,FURIOUS GAMING,4,1675530863,0,265,,,,,,,Skyline Spree,1,False,False,0,"[{'account_id': '566205332', 'nickname': 'R7ㅤCRISTO888', 'damage': 309, 'damage_type': 48, 'time_ms': 255750}]",1,0,11
id1621919282684801024,1,389418967,3853.1162,1675530711,0,False,1315000023,1295,0,11,40,"[3206, 2606, 606, 2806]",3,5,0,3,403,303,0,2,"[{""weapon_id"": 32, ""shoots"": 24, ""hits"": 10, ""headshots"": 0, ""kills"": 1, ""damage"": 158, ""weapon_name"": ""P90""}, {""weapon_id"": 7, ""shoots"": 33, ""hits"": 19, ""headshots"": 3, ""kills"": 0, ""damage"": 393, ""weapon_name"": ""UMP""}, {""weapon_id"": 89, ""shoots"": 6, ""hits"": 0, ""headshots"": 0, ""kills"": 0, ""damage"": 0, ""weapon_name"": ""AC80""}, {""weapon_id"": 73, ""shoots"": 30, ""hits"": 6, ""headshots"": 1, ""kills"": 1, ""damage"": 234, ""weapon_name"": ""G36""}, {""weapon_id"": 1, ""shoots"": 5, ""hits"": 0, ""headshots"": 0, ""kills"": 0, ""damage"": 0, ""weapon_name"": ""FIST""}, {""weapon_id"": 48, ""shoots"": 41, ""hits"": 5, ""headshots"": 1, ""kills"": 1, ""damage"": 504, ""weapon_name"": ""M21A5""}]",True,3,102000020,0,306,0,5,3,1,854,0,0,5,2,GDPㅤMorato,1,134,"[{""skill_id"": 2606, ""active_count"": 3, ""skill_name"": ""Painted Refuge""}]",691,GODS PLAIN,11,1675530863,0,691,,,,,,,Dinoculars,1,False,False,0,[],0,0,6
id1621919282684801024,1,10179456,3597.4055,1675530711,0,False,1315000011,1286,0,5,25,"[2306, 1906, 3206, 4806]",2,5,0,3,403,309,0,3,"[{""weapon_id"": 34, ""shoots"": 2, ""hits"": 0, ""headshots"": 0, ""kills"": 0, ""damage"": 0, ""weapon_name"": ""KATANA""}, {""weapon_id"": 48, ""shoots"": 26, ""hits"": 5, ""headshots"": 1, ""kills"": 1, ""damage"": 376, ""weapon_name"": ""M21A5""}, {""weapon_id"": 57, ""shoots"": 9, ""hits"": 2, ""headshots"": 2, ""kills"": 1, ""damage"": 270, ""weapon_name"": ""AR15""}, {""weapon_id"": 88, ""shoots"": 28, ""hits"": 18, ""headshots"": 2, ""kills"": 0, ""damage"": 527, ""weapon_name"": ""MAC10""}]",True,3,102000016,0,306,0,2,3,1,526,3,0,5,1,GDPㅤCurry10,1,63,"[{""skill_id"": 1906, ""active_count"": 3, ""skill_name"": ""Thrill of Battle""}]",671,GODS PLAIN,11,1675530863,0,671,,,,,,,Helping Hand,1,False,False,0,"[{'account_id': '11845907', 'nickname': 'CanoㅤiGSㅤ', 'damage': 81, 'damage_type': 45, 'time_ms': 654390}, {'account_id': '37562589', 'nickname': 'ErickkㅤiGSㅤ', 'damage': 150, 'damage_type': 4, 'time_ms': 655149}]",0,0,6
id1621919282684801024,1,19551888,3560.651,1675530711,0,False,1315000008,1517,0,6,27,"[4306, 606, 4806, 5506]",4,5,0,0,402,303,0,1,"[{""weapon_id"": 18, ""shoots"": 13, ""hits"": 5, ""headshots"": 0, ""kills"": 2, ""damage"": 233, ""weapon_name"": ""SKS""}, {""weapon_id"": 1, ""shoots"": 2, ""hits"": 0, ""headshots"": 0, ""kills"": 0, ""damage"": 0, ""weapon_name"": ""FIST""}, {""weapon_id"": 45, ""shoots"": 11, ""hits"": 5, ""headshots"": 0, ""kills"": 0, ""damage"": 504, ""weapon_name"": ""BLT""}, {""weapon_id"": 33, ""shoots"": 30, ""hits"": 17, ""headshots"": 2, ""kills"": 2, ""damage"": 712, ""weapon_name"": ""AN94""}]",True,3,102000028,0,0,0,4,3,2,361,1,0,2,2,GDPㅤMolina.,1,54,"[{""skill_id"": 5506, ""active_count"": 4, ""skill_name"": ""Senses Shockwave""}]",596,GODS PLAIN,11,1675530863,0,596,,,,,,,Skyline Spree,1,False,False,0,"[{'account_id': '11845907', 'nickname': 'CanoㅤiGSㅤ', 'damage': 22, 'damage_type': -17, 'time_ms': 589446}, {'account_id': '11845907', 'nickname': 'CanoㅤiGSㅤ', 'damage': 71, 'damage_type': 26, 'time_ms': 589743}, {'account_id': '37562589', 'nickname': 'ErickkㅤiGSㅤ', 'damage': 150, 'damage_type': 4, 'time_ms': 593967}]",3,0,6
id1621919282684801024,1,6842603225,3768.3008,1675530711,0,False,1315000012,1138,0,5,32,"[3206, 5706, 606, 3806]",2,5,0,2,403,309,0,2,"[{""weapon_id"": 48, ""shoots"": 40, ""hits"": 13, ""headshots"": 1, ""kills"": 0, ""damage"": 752, ""weapon_name"": ""M21A5""}, {""weapon_id"": 50, ""shoots"": 20, ""hits"": 7, ""headshots"": 0, ""kills"": 1, ""damage"": 90, ""weapon_name"": ""MAG7""}, {""weapon_id"": 41, ""shoots"": 50, ""hits"": 3, ""headshots"": 0, ""kills"": 0, ""damage"": 33, ""weapon_name"": ""M1887""}, {""weapon_id"": 58, ""shoots"": 20, ""hits"": 9, ""headshots"": 2, ""kills"": 1, ""damage"": 257, ""weapon_name"": ""UZI""}, {""weapon_id"": 1, ""shoots"": 1, ""hits"": 0, ""headshots"": 0, ""kills"": 0, ""damage"": 0, ""weapon_name"": ""FIST""}]",True,3,102000020,575,306,0,3,3,0,720,0,0,3,1,GDPㅤAUTOBOOT,1,130,"[{""skill_id"": 3806, ""active_count"": 2, ""skill_name"": ""Time Turner""}]",681,GODS PLAIN,11,1675530863,0,681,,,,,,,Dragon Glare,1,False,False,0,"[{'account_id': '11845907', 'nickname': 'CanoㅤiGSㅤ', 'damage': 9, 'damage_type': -17, 'time_ms': 673497}, {'account_id': '37562589', 'nickname': 'ErickkㅤiGSㅤ', 'damage': 7, 'damage_type': 41, 'time_ms': 673926}, {'account_id': '37562589', 'nickname': 'ErickkㅤiGSㅤ', 'damage': 7, 'damage_type': 41, 'time_ms': 673926}, {'account_id': '37562589', 'nickname': 'ErickkㅤiGSㅤ', 'damage': 7, 'damage_type': 41, 'time_ms': 673926}, {'account_id': '37562589', 'nickname': 'ErickkㅤiGSㅤ', 'damage': 11, 'damage_type': 41, 'time_ms': 673926}, {'account_id': '37562589', 'nickname': 'ErickkㅤiGSㅤ', 'damage': 7, 'damage_type': 41, 'time_ms': 673926}, {'account_id': '37562589', 'nickname': 'ErickkㅤiGSㅤ', 'damage': 11, 'damage_type': 41, 'time_ms': 673926}, {'account_id': '37562589', 'nickname': 'ErickkㅤiGSㅤ', 'damage': 11, 'damage_type': 41, 'time_ms': 673926}, {'account_id': '37562589', 'nickname': 'ErickkㅤiGSㅤ', 'damage': 7, 'damage_type': 41, 'time_ms': 673926}, {'account_id': '37562589', 'nickname': 'ErickkㅤiGSㅤ', 'damage': 11, 'damage_type': 41, 'time_ms': 673926}, {'account_id': '37562589', 'nickname': 'ErickkㅤiGSㅤ', 'damage': 11, 'damage_type': 41, 'time_ms': 673926}, {'account_id': '37562589', 'nickname': 'ErickkㅤiGSㅤ', 'damage': 7, 'damage_type': 41, 'time_ms': 674256}, {'account_id': '37562589', 'nickname': 'ErickkㅤiGSㅤ', 'damage': 7, 'damage_type': 41, 'time_ms': 674256}, {'account_id': '37562589', 'nickname': 'ErickkㅤiGSㅤ', 'damage': 7, 'damage_type': 41, 'time_ms': 674256}, {'account_id': '37562589', 'nickname': 'ErickkㅤiGSㅤ', 'damage': 7, 'damage_type': 41, 'time_ms': 674256}, {'account_id': '37562589', 'nickname': 'ErickkㅤiGSㅤ', 'damage': 7, 'damage_type': 41, 'time_ms': 674256}, {'account_id': '37562589', 'nickname': 'ErickkㅤiGSㅤ', 'damage': 7, 'damage_type': 41, 'time_ms': 674256}, {'account_id': '37562589', 'nickname': 'ErickkㅤiGSㅤ', 'damage': 7, 'damage_type': 41, 'time_ms': 674256}, {'account_id': '37562589', 'nickname': 'ErickkㅤiGSㅤ', 'damage': 7, 'damage_type': 41, 'time_ms': 674256}, {'account_id': '37562589', 'nickname': 'ErickkㅤiGSㅤ', 'damage': 7, 'damage_type': 41, 'time_ms': 674256}, {'account_id': '37562589', 'nickname': 'ErickkㅤiGSㅤ', 'damage': 7, 'damage_type': 41, 'time_ms': 674256}, {'account_id': '723638305', 'nickname': 'Jeisson７ㅤiGS', 'damage': 36, 'damage_type': 48, 'time_ms': 675708}, {'account_id': '37562589', 'nickname': 'ErickkㅤiGSㅤ', 'damage': 11, 'damage_type': 41, 'time_ms': 675873}]",0,0,6
id1621919282684801024,1,723638305,3522.075,1675530711,0,False,1315000009,1526,0,9,63,"[3206, 5506, 5306, 3506]",3,8,0,0,403,0,1,4,"[{""weapon_id"": 48, ""shoots"": 11, ""hits"": 3, ""headshots"": 0, ""kills"": 0, ""damage"": 98, ""weapon_name"": ""M21A5""}, {""weapon_id"": 7, ""shoots"": 31, ""hits"": 4, ""headshots"": 0, ""kills"": 0, ""damage"": 65, ""weapon_name"": ""UMP""}, {""weapon_id"": 74, ""shoots"": 78, ""hits"": 39, ""headshots"": 4, ""kills"": 3, ""damage"": 1041, ""weapon_name"": ""G36""}, {""weapon_id"": 41, ""shoots"": 80, ""hits"": 17, ""headshots"": 0, ""kills"": 0, ""damage"": 236, ""weapon_name"": ""M1887""}]",True,3,102000012,0,0,0,3,3,1,396,0,0,4,2,Jeisson７ㅤiGS,1,200,"[{""skill_id"": 5506, ""active_count"": 5, ""skill_name"": ""Senses Shockwave""}]",690,IGNIS,10,1675530863,0,690,,,,,,,Smooth Gloo,1,False,False,1,"[{'account_id': '1161600154', 'nickname': 'OQㅤTota', 'damage': 363, 'damage_type': 65, 'time_ms': 683298}]",4,0,3
id1621919282684801024,1,11845907,3655.8267,1675530711,0,False,1315000008,1068,0,4,18,"[4306, 4806, 1806, 5506]",2,8,0,1,403,309,0,3,"[{""weapon_id"": 45, ""shoots"": 2, ""hits"": 1, ""headshots"": 0, ""kills"": 0, ""damage"": 81, ""weapon_name"": ""BLT""}, {""weapon_id"": 12, ""shoots"": 11, ""hits"": 5, ""headshots"": 0, ""kills"": 0, ""damage"": 124, ""weapon_name"": ""SCAR""}, {""weapon_id"": 1, ""shoots"": 7, ""hits"": 0, ""headshots"": 0, ""kills"": 0, ""damage"": 0, ""weapon_name"": ""FIST""}, {""weapon_id"": 28, ""shoots"": 8, ""hits"": 2, ""headshots"": 0, ""kills"": 0, ""damage"": 40, ""weapon_name"": ""XM8""}, {""weapon_id"": 5, ""shoots"": 6, ""hits"": 0, ""headshots"": 0, ""kills"": 0, ""damage"": 0, ""weapon_name"": ""M1014""}, {""weapon_id"": 26, ""shoots"": 23, ""hits"": 10, ""headshots"": 0, ""kills"": 2, ""damage"": 673, ""weapon_name"": ""SVD""}]",True,3,102000028,0,306,1,2,3,0,293,0,1,0,0,CanoㅤiGSㅤ,1,50,"[{""skill_id"": 5506, ""active_count"": 6, ""skill_name"": ""Senses Shockwave""}]",711,IGNIS,10,1675530863,0,711,,,,,,,Skyline Spree,1,False,False,0,"[{'account_id': '6842603225', 'nickname': 'GDPㅤAUTOBOOT', 'damage': 11, 'damage_type': 41, 'time_ms': 674553}, {'account_id': '6842603225', 'nickname': 'GDPㅤAUTOBOOT', 'damage': 11, 'damage_type': 41, 'time_ms': 674553}, {'account_id': '6842603225', 'nickname': 'GDPㅤAUTOBOOT', 'damage': 11, 'damage_type': 41, 'time_ms': 674553}]",3,0,3
id1621919282684801024,1,225120651,3311.847,1675530711,0,False,1315000011,674,0,10,37,"[3206, 5306, 1906, 2306]",1,8,0,3,403,309,1,1,"[{""weapon_id"": 41, ""shoots"": 140, ""hits"": 36, ""headshots"": 4, ""kills"": 1, ""damage"": 500, ""weapon_name"": ""M1887""}, {""weapon_id"": 6, ""shoots"": 3, ""hits"": 0, ""headshots"": 0, ""kills"": 0, ""damage"": 0, ""weapon_name"": ""AK""}, {""weapon_id"": 1, ""shoots"": 1, ""hits"": 0, ""headshots"": 0, ""kills"": 0, ""damage"": 0, ""weapon_name"": ""FIST""}, {""weapon_id"": 4, ""shoots"": 4, ""hits"": 1, ""headshots"": 0, ""kills"": 0, ""damage"": 150, ""weapon_name"": ""AWM""}]",True,3,102000020,0,0,1,1,3,0,815,1,0,4,1,CarlosㅤiGSㅤ火,1,147,"[{""skill_id"": 1906, ""active_count"": 3, ""skill_name"": ""Thrill of Battle""}]",752,IGNIS,10,1675530863,0,752,,,,,,,Helping Hand,1,False,False,1,"[{'account_id': '108965053', 'nickname': 'R7ㅤPatron17', 'damage': 34, 'damage_type': 48, 'time_ms': 725010}, {'account_id': '566205332', 'nickname': 'R7ㅤCRISTO888', 'damage': 342, 'damage_type': 48, 'time_ms': 726000}]",0,0,3
id1621919282684801024,1,37562589,3679.5718,1675530711,0,False,1315000008,2365,0,2,75,"[3206, 5506, 5306, 2706]",4,8,0,1,403,309,0,1,"[{""weapon_id"": 18, ""shoots"": 14, ""hits"": 5, ""headshots"": 0, ""kills"": 0, ""damage"": 197, ""weapon_name"": ""SKS""}, {""weapon_id"": 1, ""shoots"": 2, ""hits"": 0, ""headshots"": 0, ""kills"": 0, ""damage"": 0, ""weapon_name"": ""FIST""}, {""weapon_id"": 4, ""shoots"": 11, ""hits"": 4, ""headshots"": 1, ""kills"": 1, ""damage"": 963, ""weapon_name"": ""AWM""}, {""weapon_id"": 41, ""shoots"": 70, ""hits"": 27, ""headshots"": 1, ""kills"": 1, ""damage"": 233, ""weapon_name"": ""M1887""}, {""weapon_id"": 181, ""shoots"": 76, ""hits"": 32, ""headshots"": 0, ""kills"": 2, ""damage"": 687, ""weapon_name"": ""M1216""}, {""weapon_id"": 15, ""shoots"": 20, ""hits"": 7, ""headshots"": 0, ""kills"": 0, ""damage"": 81, ""weapon_name"": ""MP40""}]",True,3,102000020,0,0,0,5,3,0,399,3,1,2,0,ErickkㅤiGSㅤ,1,191,"[{""skill_id"": 5506, ""active_count"": 5, ""skill_name"": ""Senses Shockwave""}]",693,IGNIS,10,1675530863,0,693,,,,,,,Skyline Spree,1,False,False,0,"[{'account_id': '389418967', 'nickname': 'GDPㅤMorato', 'damage': 0, 'damage_type': 7, 'time_ms': 685476}, {'account_id': '389418967', 'nickname': 'GDPㅤMorato', 'damage': 12, 'damage_type': 7, 'time_ms': 685575}, {'account_id': '389418967', 'nickname': 'GDPㅤMorato', 'damage': 12, 'damage_type': 7, 'time_ms': 685674}, {'account_id': '389418967', 'nickname': 'GDPㅤMorato', 'damage': 12, 'damage_type': 7, 'time_ms': 685773}, {'account_id': '389418967', 'nickname': 'GDPㅤMorato', 'damage': 80, 'damage_type': 7, 'time_ms': 685872}, {'account_id': '389418967', 'nickname': 'GDPㅤMorato', 'damage': 13, 'damage_type': 7, 'time_ms': 686169}, {'account_id': '389418967', 'nickname': 'GDPㅤMorato', 'damage': 19, 'damage_type': 7, 'time_ms': 686829}, {'account_id': '389418967', 'nickname': 'GDPㅤMorato', 'damage': 19, 'damage_type': 7, 'time_ms': 686895}, {'account_id': '389418967', 'nickname': 'GDPㅤMorato', 'damage': 0, 'damage_type': 7, 'time_ms': 687027}, {'account_id': '389418967', 'nickname': 'GDPㅤMorato', 'damage': 116, 'damage_type': 7, 'time_ms': 687126}]",3,0,3
id1621919282684801024,1,1685672004,1348.0905,1675530711,0,False,1315000023,325,0,0,7,"[3206, 4806, 5306, 5506]",0,0,0,0,402,0,0,0,"[{""weapon_id"": 6, ""shoots"": 12, ""hits"": 7, ""headshots"": 1, ""kills"": 0, ""damage"": 325, ""weapon_name"": ""AK""}]",True,3,102000020,0,0,0,1,3,0,0,0,0,1,0,INF.Dhaz:),1,12,"[{""skill_id"": 5506, ""active_count"": 1, ""skill_name"": ""Senses Shockwave""}]",78,infinity,0,1675530863,0,78,,,,,,,Dinoculars,1,False,False,0,[],1,0,1
id1621919282684801024,1,279020080,1463.7587,1675530711,0,False,1315000011,200,0,0,6,"[3206, 2606, 2306, 4806]",0,0,0,0,0,0,0,0,"[{""weapon_id"": 18, ""shoots"": 4, ""hits"": 2, ""headshots"": 0, ""kills"": 0, ""damage"": 136, ""weapon_name"": ""SKS""}, {""weapon_id"": 50, ""shoots"": 8, ""hits"": 4, ""headshots"": 0, ""kills"": 0, ""damage"": 64, ""weapon_name"": ""MAG7""}]",True,3,102000020,0,0,0,0,3,0,0,0,0,0,0,INF.PANICKKK,1,12,[],78,infinity,0,1675530863,0,78,,,,,,,Helping Hand,1,False,False,0,"[{'account_id': '6842603225', 'nickname': 'GDPㅤAUTOBOOT', 'damage': 17, 'damage_type': 58, 'time_ms': 75240}, {'account_id': '6842603225', 'nickname': 'GDPㅤAUTOBOOT', 'damage': 17, 'damage_type': 58, 'time_ms': 75306}, {'account_id': '6842603225', 'nickname': 'GDPㅤAUTOBOOT', 'damage': 12, 'damage_type': 58, 'time_ms': 75372}, {'account_id': '6842603225', 'nickname': 'GDPㅤAUTOBOOT', 'damage': 12, 'damage_type': 58, 'time_ms': 75405}, {'account_id': '6842603225', 'nickname': 'GDPㅤAUTOBOOT', 'damage': 12, 'damage_type': 58, 'time_ms': 75471}, {'account_id': '6842603225', 'nickname': 'GDPㅤAUTOBOOT', 'damage': 12, 'damage_type': 58, 'time_ms': 75570}, {'account_id': '6842603225', 'nickname': 'GDPㅤAUTOBOOT', 'damage': 83, 'damage_type': 58, 'time_ms': 75702}, {'account_id': '6842603225', 'nickname': 'GDPㅤAUTOBOOT', 'damage': 11, 'damage_type': 58, 'time_ms': 75801}, {'account_id': '6842603225', 'nickname': 'GDPㅤAUTOBOOT', 'damage': 81, 'damage_type': 58, 'time_ms': 75867}]",0,0,1
id1621919282684801024,1,407012841,1428.1588,1675530711,0,False,1315000012,231,0,0,2,"[5706, 4806, 2706, 1906]",0,0,0,0,402,301,0,0,"[{""weapon_id"": 32, ""shoots"": 15, ""hits"": 2, ""headshots"": 2, ""kills"": 0, ""damage"": 182, ""weapon_name"": ""P90""}]",True,3,102000038,0,0,0,1,3,0,42,0,0,2,0,INF.VIĐALES!,1,15,"[{""skill_id"": 1906, ""active_count"": 1, ""skill_name"": ""Thrill of Battle""}]",78,infinity,0,1675530863,0,78,,,,,,,Dragon Glare,1,False,False,0,"[{'account_id': '19551888', 'nickname': 'GDPㅤMolina.', 'damage': 24, 'damage_type': 33, 'time_ms': 76263}, {'account_id': '19551888', 'nickname': 'GDPㅤMolina.', 'damage': 24, 'damage_type': 33, 'time_ms': 76428}, {'account_id': '19551888', 'nickname': 'GDPㅤMolina.', 'damage': 199, 'damage_type': 33, 'time_ms': 76923}]",0,0,1
id1621919282684801024,1,237455446,1270.6589,1675530711,0,False,1315000008,90,0,0,7,"[3206, 5506, 4806, 2806]",0,0,0,0,0,303,0,0,"[{""weapon_id"": 8, ""shoots"": 23, ""hits"": 7, ""headshots"": 0, ""kills"": 0, ""damage"": 66, ""weapon_name"": ""MP5""}]",True,3,102000020,0,0,0,0,3,0,0,0,0,0,0,INF.Ulisess,1,23,"[{""skill_id"": 5506, ""active_count"": 1, ""skill_name"": ""Senses Shockwave""}]",68,infinity,0,1675530863,0,68,,,,,,,Skyline Spree,1,False,False,0,"[{'account_id': '19551888', 'nickname': 'GDPㅤMolina.', 'damage': 14, 'damage_type': 33, 'time_ms': 63030}, {'account_id': '19551888', 'nickname': 'GDPㅤMolina.', 'damage': 14, 'damage_type': 33, 'time_ms': 63195}, {'account_id': '19551888', 'nickname': 'GDPㅤMolina.', 'damage': 15, 'damage_type': 33, 'time_ms': 63327}, {'account_id': '19551888', 'nickname': 'GDPㅤMolina.', 'damage': 17, 'damage_type': 33, 'time_ms': 63822}, {'account_id': '19551888', 'nickname': 'GDPㅤMolina.', 'damage': 25, 'damage_type': 33, 'time_ms': 63987}, {'account_id': '19551888', 'nickname': 'GDPㅤMolina.', 'damage': 180, 'damage_type': 33, 'time_ms': 64119}]",1,0,1
id1621919282684801024,1,382036210,5624.1626,1675530711,0,False,1315000009,432,0,3,13,"[3206, 5706, 5306, 3806]",0,7,0,6,402,302,3,0,"[{""weapon_id"": 7, ""shoots"": 16, ""hits"": 6, ""headshots"": 1, ""kills"": 0, ""damage"": 185, ""weapon_name"": ""UMP""}, {""weapon_id"": 48, ""shoots"": 5, ""hits"": 0, ""headshots"": 0, ""kills"": 0, ""damage"": 0, ""weapon_name"": ""M21A5""}, {""weapon_id"": 1, ""shoots"": 3, ""hits"": 0, ""headshots"": 0, ""kills"": 0, ""damage"": 0, ""weapon_name"": ""FIST""}, {""weapon_id"": 80, ""shoots"": 11, ""hits"": 6, ""headshots"": 0, ""kills"": 0, ""damage"": 136, ""weapon_name"": ""M4A1-x""}, {""weapon_id"": 74, ""shoots"": 9, ""hits"": 1, ""headshots"": 1, ""kills"": 0, ""damage"": 107, ""weapon_name"": ""G36""}, {""weapon_id"": 16, ""shoots"": 2, ""hits"": 0, ""headshots"": 0, ""kills"": 0, ""damage"": 0, ""weapon_name"": ""CHANGUO""}]",True,3,102000020,0,306,1,0,3,0,1417,0,1,2,0,MvGㅤSkylans,1,41,"[{""skill_id"": 3806, ""active_count"": 1, ""skill_name"": ""Time Turner""}]",706,Malvinas Gaming,2,1675530863,0,706,,,,,,,Smooth Gloo,1,False,False,4,"[{'account_id': '564972565', 'nickname': 'ㅤFGㅤunknowN.', 'damage': 347, 'damage_type': 48, 'time_ms': 199914}]",0,0,12
id1621919282684801024,1,230486854,5472.7334,1675530711,0,False,1315000023,657,0,1,28,"[5606, 4806, 2806, 606]",1,7,0,0,402,302,2,0,"[{""weapon_id"": 8, ""shoots"": 24, ""hits"": 12, ""headshots"": 0, ""kills"": 1, ""damage"": 292, ""weapon_name"": ""MP5""}, {""weapon_id"": 74, ""shoots"": 15, ""hits"": 4, ""headshots"": 1, ""kills"": 0, ""damage"": 117, ""weapon_name"": ""G36""}, {""weapon_id"": 41, ""shoots"": 20, ""hits"": 10, ""headshots"": 1, ""kills"": 0, ""damage"": 131, ""weapon_name"": ""M1887""}, {""weapon_id"": 89, ""shoots"": 3, ""hits"": 2, ""headshots"": 0, ""kills"": 0, ""damage"": 114, ""weapon_name"": ""AC80""}]",True,3,101000025,0,304,2,1,3,0,50,0,0,2,0,MvGㅤTRESOR19,1,62,[],577,Malvinas Gaming,2,1675530863,0,577,,,,,,,Dinoculars,1,False,False,2,"[{'account_id': '108965053', 'nickname': 'R7ㅤPatron17', 'damage': 50, 'damage_type': 48, 'time_ms': 570636}, {'account_id': '108965053', 'nickname': 'R7ㅤPatron17', 'damage': 207, 'damage_type': 48, 'time_ms': 571032}]",0,0,12
id1621919282684801024,1,262614582,4929.719,1675530711,0,False,1315000011,488,0,9,15,"[2306, 4506, 5306, 1906]",1,7,0,0,403,0,1,0,"[{""weapon_id"": 1, ""shoots"": 3, ""hits"": 0, ""headshots"": 0, ""kills"": 0, ""damage"": 0, ""weapon_name"": ""FIST""}, {""weapon_id"": 34, ""shoots"": 1, ""hits"": 0, ""headshots"": 0, ""kills"": 0, ""damage"": 0, ""weapon_name"": ""KATANA""}, {""weapon_id"": 7, ""shoots"": 15, ""hits"": 9, ""headshots"": 0, ""kills"": 0, ""damage"": 162, ""weapon_name"": ""UMP""}, {""weapon_id"": 57, ""shoots"": 20, ""hits"": 6, ""headshots"": 0, ""kills"": 0, ""damage"": 65, ""weapon_name"": ""AR15""}, {""weapon_id"": 601, ""shoots"": 0, ""hits"": 0, ""headshots"": 0, ""kills"": 1, ""damage"": 244, ""weapon_name"": ""Grenade""}]",True,3,102000016,0,304,1,1,3,0,429,0,5,0,0,MvGㅤPolar22.,1,35,[],614,Malvinas Gaming,2,1675530863,0,614,,,,,,,Helping Hand,1,False,False,2,"[{'account_id': '421584771', 'nickname': 'R7ㅤCRISSㅤ', 'damage': 90, 'damage_type': 89, 'time_ms': 610038}, {'account_id': '421584771', 'nickname': 'R7ㅤCRISSㅤ', 'damage': 61, 'damage_type': 89, 'time_ms': 610566}, {'account_id': '108965053', 'nickname': 'R7ㅤPatron17', 'damage': 70, 'damage_type': 48, 'time_ms': 611490}]",0,0,12
id1621919282684801024,1,65544218,4861.145,1675530711,0,False,1315000008,0,0,0,0,"[3206, 3806, 206, 5706]",0,7,0,0,402,302,1,1,"[{""weapon_id"": 1, ""shoots"": 5, ""hits"": 0, ""headshots"": 0, ""kills"": 0, ""damage"": 0, ""weapon_name"": ""FIST""}, {""weapon_id"": 47, ""shoots"": 10, ""hits"": 0, ""headshots"": 0, ""kills"": 0, ""damage"": 0, ""weapon_name"": ""PARAFAL""}]",True,3,102000020,192,0,1,0,3,0,37,0,0,0,0,MvGㅤNicoo.,1,10,"[{""skill_id"": 3806, ""active_count"": 1, ""skill_name"": ""Time Turner""}]",663,Malvinas Gaming,2,1675530863,0,663,,,,,,,Skyline Spree,1,False,False,1,"[{'account_id': '108965053', 'nickname': 'R7ㅤPatron17', 'damage': 39, 'damage_type': 48, 'time_ms': 654885}, {'account_id': '108965053', 'nickname': 'R7ㅤPatron17', 'damage': 38, 'damage_type': 48, 'time_ms': 655281}, {'account_id': '108965053', 'nickname': 'R7ㅤPatron17', 'damage': 39, 'damage_type': 48, 'time_ms': 659406}, {'account_id': '108965053', 'nickname': 'R7ㅤPatron17', 'damage': 146, 'damage_type': 48, 'time_ms': 659802}]",0,0,12
id1621919282684801024,1,421584771,6239.2197,1675530711,0,True,1315000008,1855,0,0,41,"[3206, 2806, 4806, 3806]",4,12,0,0,402,303,0,4,"[{""weapon_id"": 89, ""shoots"": 10, ""hits"": 5, ""headshots"": 1, ""kills"": 1, ""damage"": 504, ""weapon_name"": ""AC80""}, {""weapon_id"": 7, ""shoots"": 33, ""hits"": 7, ""headshots"": 3, ""kills"": 1, ""damage"": 322, ""weapon_name"": ""UMP""}, {""weapon_id"": 17, ""shoots"": 2, ""hits"": 0, ""headshots"": 0, ""kills"": 0, ""damage"": 0, ""weapon_name"": ""MACHETE""}, {""weapon_id"": 1, ""shoots"": 39, ""hits"": 0, ""headshots"": 0, ""kills"": 0, ""damage"": 0, ""weapon_name"": ""FIST""}, {""weapon_id"": 48, ""shoots"": 40, ""hits"": 16, ""headshots"": 0, ""kills"": 2, ""damage"": 766, ""weapon_name"": ""M21A5""}, {""weapon_id"": 57, ""shoots"": 23, ""hits"": 13, ""headshots"": 1, ""kills"": 0, ""damage"": 251, ""weapon_name"": ""AR15""}]",True,3,102000020,0,305,3,4,3,0,84,0,1,5,2,R7ㅤCRISSㅤ,1,106,"[{""skill_id"": 3806, ""active_count"": 1, ""skill_name"": ""Time Turner""}]",808,MOVISTAR R7,22,1675530863,0,485,,,,,,,Skyline Spree,0,True,False,0,"[{'account_id': '217356805', 'nickname': 'VGㅤPapi.10', 'damage': 19, 'damage_type': 5, 'time_ms': 477939}, {'account_id': '217356805', 'nickname': 'VGㅤPapi.10', 'damage': 17, 'damage_type': 5, 'time_ms': 477939}, {'account_id': '217356805', 'nickname': 'VGㅤPapi.10', 'damage': 17, 'damage_type': 5, 'time_ms': 477939}, {'account_id': '217356805', 'nickname': 'VGㅤPapi.10', 'damage': 17, 'damage_type': 5, 'time_ms': 477939}, {'account_id': '217356805', 'nickname': 'VGㅤPapi.10', 'damage': 19, 'damage_type': 5, 'time_ms': 477939}, {'account_id': '217356805', 'nickname': 'VGㅤPapi.10', 'damage': 20, 'damage_type': 5, 'time_ms': 478302}, {'account_id': '217356805', 'nickname': 'VGㅤPapi.10', 'damage': 20, 'damage_type': 5, 'time_ms': 478302}, {'account_id': '217356805', 'nickname': 'VGㅤPapi.10', 'damage': 20, 'damage_type': 5, 'time_ms': 478302}, {'account_id': '217356805', 'nickname': 'VGㅤPapi.10', 'damage': 20, 'damage_type': 5, 'time_ms': 478302}, {'account_id': '217356805', 'nickname': 'VGㅤPapi.10', 'damage': 20, 'damage_type': 5, 'time_ms': 478302}, {'account_id': '217356805', 'nickname': 'VGㅤPapi.10', 'damage': 20, 'damage_type': 5, 'time_ms': 478302}]",0,0,4
id1621919282684801024,1,566205332,5760.4536,1675530711,0,True,1315000012,4164,0,15,110,"[3206, 3806, 5706, 2706]",8,12,0,0,402,0,0,3,"[{""weapon_id"": 48, ""shoots"": 109, ""hits"": 37, ""headshots"": 5, ""kills"": 5, ""damage"": 2945, ""weapon_name"": ""M21A5""}, {""weapon_id"": 50, ""shoots"": 208, ""hits"": 62, ""headshots"": 1, ""kills"": 3, ""damage"": 928, ""weapon_name"": ""MAG7""}, {""weapon_id"": 10, ""shoots"": 14, ""hits"": 11, ""headshots"": 0, ""kills"": 0, ""damage"": 210, ""weapon_name"": ""G18""}]",True,3,102000020,626,306,1,9,3,1,826,3,3,6,4,R7ㅤCRISTO888,1,331,"[{""skill_id"": 3806, ""active_count"": 1, ""skill_name"": ""Time Turner""}]",808,MOVISTAR R7,22,1675530863,0,277,,,,,,,Dragon Glare,0,True,False,0,"[{'account_id': '65662824', 'nickname': 'FGㅤBäd.', 'damage': 46, 'damage_type': 48, 'time_ms': 259380}, {'account_id': '65662824', 'nickname': 'FGㅤBäd.', 'damage': 51, 'damage_type': 48, 'time_ms': 259809}, {'account_id': '65662824', 'nickname': 'FGㅤBäd.', 'damage': 166, 'damage_type': 48, 'time_ms': 263703}]",0,0,4
id1621919282684801024,1,108965053,5722.5864,1675530711,0,True,1315000023,2629,0,2,35,"[3206, 5306, 1106, 2606]",8,12,0,1,0,0,3,1,"[{""weapon_id"": 48, ""shoots"": 54, ""hits"": 27, ""headshots"": 5, ""kills"": 6, ""damage"": 2311, ""weapon_name"": ""M21A5""}, {""weapon_id"": 186, ""shoots"": 68, ""hits"": 8, ""headshots"": 2, ""kills"": 2, ""damage"": 311, ""weapon_name"": ""M1014-III""}]",True,3,102000020,0,0,0,8,3,0,415,0,0,7,6,R7ㅤPatron17,1,122,[],808,MOVISTAR R7,22,1675530863,0,0,,,,,,,Dinoculars,0,True,False,3,[],0,0,4
id1621919282684801024,1,11804073,5662.179,1675530711,0,True,1315000011,1273,0,8,36,"[4806, 3806, 2306, 3206]",2,12,0,2,0,0,1,3,"[{""weapon_id"": 86, ""shoots"": 40, ""hits"": 18, ""headshots"": 0, ""kills"": 1, ""damage"": 454, ""weapon_name"": ""CHARGESHOT""}, {""weapon_id"": 27, ""shoots"": 6, ""hits"": 0, ""headshots"": 0, ""kills"": 0, ""damage"": 0, ""weapon_name"": ""BASEBALLPOLE""}, {""weapon_id"": 47, ""shoots"": 7, ""hits"": 2, ""headshots"": 0, ""kills"": 0, ""damage"": 55, ""weapon_name"": ""PARAFAL""}, {""weapon_id"": 15, ""shoots"": 28, ""hits"": 11, ""headshots"": 1, ""kills"": 0, ""damage"": 328, ""weapon_name"": ""MP40""}, {""weapon_id"": 41, ""shoots"": 30, ""hits"": 3, ""headshots"": 0, ""kills"": 0, ""damage"": 33, ""weapon_name"": ""M1887""}, {""weapon_id"": 48, ""shoots"": 12, ""hits"": 2, ""headshots"": 1, ""kills"": 1, ""damage"": 398, ""weapon_name"": ""M21A5""}]",True,3,101000023,156,0,0,2,3,0,865,3,0,2,1,R7ㅤJuan7,1,117,"[{""skill_id"": 3806, ""active_count"": 1, ""skill_name"": ""Time Turner""}]",808,MOVISTAR R7,22,1675530863,0,0,,,,,,,Helping Hand,0,True,False,1,"[{'account_id': '150086365', 'nickname': 'VGㅤBenja25.', 'damage': 13, 'damage_type': 57, 'time_ms': 698445}, {'account_id': '150086365', 'nickname': 'VGㅤBenja25.', 'damage': 7, 'damage_type': 184, 'time_ms': 700689}, {'account_id': '150086365', 'nickname': 'VGㅤBenja25.', 'damage': 13, 'damage_type': 184, 'time_ms': 700689}, {'account_id': '150086365', 'nickname': 'VGㅤBenja25.', 'damage': 13, 'damage_type': 184, 'time_ms': 700689}, {'account_id': '150086365', 'nickname': 'VGㅤBenja25.', 'damage': 13, 'damage_type': 184, 'time_ms': 700689}, {'account_id': '150086365', 'nickname': 'VGㅤBenja25.', 'damage': 7, 'damage_type': 184, 'time_ms': 700755}, {'account_id': '150086365', 'nickname': 'VGㅤBenja25.', 'damage': 13, 'damage_type': 184, 'time_ms': 700755}, {'account_id': '150086365', 'nickname': 'VGㅤBenja25.', 'damage': 12, 'damage_type': 184, 'time_ms': 701085}, {'account_id': '150086365', 'nickname': 'VGㅤBenja25.', 'damage': 39, 'damage_type': 184, 'time_ms': 701085}, {'account_id': '150086365', 'nickname': 'VGㅤBenja25.', 'damage': 39, 'damage_type': 184, 'time_ms': 701085}, {'account_id': '150086365', 'nickname': 'VGㅤBenja25.', 'damage': 39, 'damage_type': 184, 'time_ms': 701085}, {'account_id': '150086365', 'nickname': 'VGㅤBenja25.', 'damage': 39, 'damage_type': 184, 'time_ms': 701085}]",0,0,4
id1621919282684801024,1,6987231611,3524.6855,1675530711,0,False,1315000009,276,0,4,3,"[2706, 5304, 206, 3806]",0,9,0,3,402,0,2,0,"[{""weapon_id"": 1, ""shoots"": 2, ""hits"": 0, ""headshots"": 0, ""kills"": 0, ""damage"": 0, ""weapon_name"": ""FIST""}, {""weapon_id"": 18, ""shoots"": 16, ""hits"": 3, ""headshots"": 1, ""kills"": 0, ""damage"": 276, ""weapon_name"": ""SKS""}, {""weapon_id"": 16, ""shoots"": 3, ""hits"": 0, ""headshots"": 0, ""kills"": 0, ""damage"": 0, ""weapon_name"": ""CHANGUO""}]",True,3,102000017,501,304,1,1,3,0,364,0,0,1,0,kooby333,1,16,"[{""skill_id"": 3806, ""active_count"": 2, ""skill_name"": ""Time Turner""}]",784,OXEN QUISQUEYA,4,1675530863,0,784,,,,,,,Smooth Gloo,1,False,False,5,"[{'account_id': '421584771', 'nickname': 'R7ㅤCRISSㅤ', 'damage': 45, 'damage_type': 48, 'time_ms': 770286}, {'account_id': '421584771', 'nickname': 'R7ㅤCRISSㅤ', 'damage': 47, 'damage_type': 48, 'time_ms': 773025}]",0,0,7
id1621919282684801024,1,304953629,4991.2183,1675530711,0,False,1315000008,0,0,0,0,"[5706, 1806, 3206, 1906]",0,9,0,1,402,301,1,0,"[{""weapon_id"": 1, ""shoots"": 16, ""hits"": 0, ""headshots"": 0, ""kills"": 0, ""damage"": 0, ""weapon_name"": ""FIST""}, {""weapon_id"": 30, ""shoots"": 5, ""hits"": 0, ""headshots"": 0, ""kills"": 0, ""damage"": 0, ""weapon_name"": ""M60""}]",True,3,102000038,0,305,2,0,3,0,209,0,0,0,0,OQㅤMASTER,1,5,"[{""skill_id"": 1906, ""active_count"": 1, ""skill_name"": ""Thrill of Battle""}]",798,OXEN QUISQUEYA,4,1675530863,0,798,,,,,,,Skyline Spree,1,False,False,2,"[{'account_id': '421584771', 'nickname': 'R7ㅤCRISSㅤ', 'damage': 43, 'damage_type': 48, 'time_ms': 778371}, {'account_id': '421584771', 'nickname': 'R7ㅤCRISSㅤ', 'damage': 44, 'damage_type': 48, 'time_ms': 779526}, {'account_id': '421584771', 'nickname': 'R7ㅤCRISSㅤ', 'damage': 45, 'damage_type': 48, 'time_ms': 781572}]",0,0,7
id1621919282684801024,1,1161600154,3583.6858,1675530711,0,False,1315000023,2133,0,3,27,"[3206, 5306, 2806, 2606]",3,9,0,2,403,309,3,1,"[{""weapon_id"": 10, ""shoots"": 12, ""hits"": 5, ""headshots"": 2, ""kills"": 0, ""damage"": 122, ""weapon_name"": ""G18""}, {""weapon_id"": 26, ""shoots"": 3, ""hits"": 0, ""headshots"": 0, ""kills"": 0, ""damage"": 0, ""weapon_name"": ""SVD""}, {""weapon_id"": 1, ""shoots"": 2, ""hits"": 0, ""headshots"": 0, ""kills"": 0, ""damage"": 0, ""weapon_name"": ""FIST""}, {""weapon_id"": 65, ""shoots"": 4, ""hits"": 4, ""headshots"": 2, ""kills"": 2, ""damage"": 1619, ""weapon_name"": ""GoldAWM""}, {""weapon_id"": 41, ""shoots"": 50, ""hits"": 18, ""headshots"": 2, ""kills"": 1, ""damage"": 287, ""weapon_name"": ""M1887""}, {""weapon_id"": 178, ""shoots"": 4, ""hits"": 0, ""headshots"": 0, ""kills"": 0, ""damage"": 0, ""weapon_name"": ""SCAR-I""}]",True,3,102000020,0,0,2,2,3,0,817,0,0,6,2,OQㅤTota,1,73,"[{""skill_id"": 2606, ""active_count"": 1, ""skill_name"": ""Painted Refuge""}]",779,OXEN QUISQUEYA,4,1675530863,0,779,,,,,,,Dinoculars,1,False,False,3,"[{'account_id': '1161600154', 'nickname': 'OQㅤTota', 'damage': 8, 'damage_type': -1, 'time_ms': 762333}, {'account_id': '1161600154', 'nickname': 'OQㅤTota', 'damage': 8, 'damage_type': -1, 'time_ms': 763356}, {'account_id': '1161600154', 'nickname': 'OQㅤTota', 'damage': 8, 'damage_type': -1, 'time_ms': 764379}, {'account_id': '11804073', 'nickname': 'R7ㅤJuan7', 'damage': 362, 'damage_type': 48, 'time_ms': 767118}]",0,0,7
id1621919282684801024,1,99219701,3961.3188,1675530711,0,False,1315000018,549,0,4,33,"[3206, 5706, 806, 6006]",1,9,0,0,402,301,0,0,"[{""weapon_id"": 5, ""shoots"": 12, ""hits"": 6, ""headshots"": 0, ""kills"": 0, ""damage"": 54, ""weapon_name"": ""M1014""}, {""weapon_id"": 10, ""shoots"": 32, ""hits"": 22, ""headshots"": 2, ""kills"": 1, ""damage"": 347, ""weapon_name"": ""G18""}, {""weapon_id"": 15, ""shoots"": 10, ""hits"": 5, ""headshots"": 1, ""kills"": 0, ""damage"": 104, ""weapon_name"": ""MP40""}, {""weapon_id"": 66, ""shoots"": 0, ""hits"": 0, ""headshots"": 0, ""kills"": 0, ""damage"": 34, ""weapon_name"": ""GoldHeatGun""}]",True,3,102000020,0,304,3,1,3,0,198,0,0,3,1,OQㅤStunxㅤ然,1,54,"[{""skill_id"": 6006, ""active_count"": 2, ""skill_name"": ""Shape Splitter""}]",808,OXEN QUISQUEYA,4,1675530863,0,808,,,,,,,Steel Shell,1,False,False,0,"[{'account_id': '241391535', 'nickname': '6KㅤJohanGi', 'damage': 45, 'damage_type': 89, 'time_ms': 525690}, {'account_id': '241391535', 'nickname': '6KㅤJohanGi', 'damage': 67, 'damage_type': 89, 'time_ms': 526185}, {'account_id': '241391535', 'nickname': '6KㅤJohanGi', 'damage': 41, 'damage_type': 89, 'time_ms': 526680}, {'account_id': '241391535', 'nickname': '6KㅤJohanGi', 'damage': 55, 'damage_type': 89, 'time_ms': 527175}]",0,0,7
id1621919282684801024,1,241391535,4210.539,1675530711,0,False,1315000008,845,0,3,22,"[3206, 5506, 5306, 3506]",1,4,0,3,402,0,0,0,"[{""weapon_id"": 89, ""shoots"": 29, ""hits"": 9, ""headshots"": 0, ""kills"": 1, ""damage"": 486, ""weapon_name"": ""AC80""}, {""weapon_id"": 41, ""shoots"": 23, ""hits"": 13, ""headshots"": 0, ""kills"": 0, ""damage"": 129, ""weapon_name"": ""M1887""}, {""weapon_id"": 1, ""shoots"": 3, ""hits"": 0, ""headshots"": 0, ""kills"": 0, ""damage"": 0, ""weapon_name"": ""FIST""}, {""weapon_id"": 29, ""shoots"": 8, ""hits"": 0, ""headshots"": 0, ""kills"": 0, ""damage"": 0, ""weapon_name"": ""SPAS12""}, {""weapon_id"": 27, ""shoots"": 2, ""hits"": 0, ""headshots"": 0, ""kills"": 0, ""damage"": 0, ""weapon_name"": ""BASEBALLPOLE""}, {""weapon_id"": 36, ""shoots"": 0, ""hits"": 0, ""headshots"": 0, ""kills"": 0, ""damage"": 131, ""weapon_name"": ""RGS50""}]",True,3,102000020,0,306,0,1,3,0,614,1,0,0,0,6KㅤJohanGi,1,60,"[{""skill_id"": 5506, ""active_count"": 3, ""skill_name"": ""Senses Shockwave""}]",598,Six Karma,1,1675530863,0,598,,,,,,,Skyline Spree,1,False,False,0,[],1,0,2
id1621919282684801024,1,275618499,4059.1006,1675530711,0,False,1315000023,151,0,3,15,"[1806, 5606, 4806, 4306]",0,4,0,1,402,0,0,0,"[{""weapon_id"": 1, ""shoots"": 1, ""hits"": 0, ""headshots"": 0, ""kills"": 0, ""damage"": 0, ""weapon_name"": ""FIST""}, {""weapon_id"": 45, ""shoots"": 2, ""hits"": 0, ""headshots"": 0, ""kills"": 0, ""damage"": 0, ""weapon_name"": ""BLT""}, {""weapon_id"": 41, ""shoots"": 50, ""hits"": 15, ""headshots"": 0, ""kills"": 0, ""damage"": 150, ""weapon_name"": ""M1887""}]",True,3,102000013,0,306,0,0,3,0,131,0,0,0,0,6KㅤFR4Nㅤ〆,1,52,"[{""skill_id"": 5606, ""active_count"": 2, ""skill_name"": ""Wall Brawl""}]",590,Six Karma,1,1675530863,0,590,,,,,,,Dinoculars,1,False,False,0,"[{'account_id': '723638305', 'nickname': 'Jeisson７ㅤiGS', 'damage': 11, 'damage_type': 41, 'time_ms': 581691}, {'account_id': '723638305', 'nickname': 'Jeisson７ㅤiGS', 'damage': 12, 'damage_type': 41, 'time_ms': 581691}, {'account_id': '723638305', 'nickname': 'Jeisson７ㅤiGS', 'damage': 9, 'damage_type': 41, 'time_ms': 581691}, {'account_id': '723638305', 'nickname': 'Jeisson７ㅤiGS', 'damage': 11, 'damage_type': 41, 'time_ms': 581691}, {'account_id': '723638305', 'nickname': 'Jeisson７ㅤiGS', 'damage': 12, 'damage_type': 41, 'time_ms': 581691}, {'account_id': '723638305', 'nickname': 'Jeisson７ㅤiGS', 'damage': 12, 'damage_type': 41, 'time_ms': 581691}, {'account_id': '723638305', 'nickname': 'Jeisson７ㅤiGS', 'damage': 11, 'damage_type': 41, 'time_ms': 581724}, {'account_id': '723638305', 'nickname': 'Jeisson７ㅤiGS', 'damage': 11, 'damage_type': 41, 'time_ms': 581724}, {'account_id': '723638305', 'nickname': 'Jeisson７ㅤiGS', 'damage': 11, 'damage_type': 41, 'time_ms': 581724}, {'account_id': '11845907', 'nickname': 'CanoㅤiGSㅤ', 'damage': 58, 'damage_type': 26, 'time_ms': 583770}, {'account_id': '11845907', 'nickname': 'CanoㅤiGSㅤ', 'damage': 66, 'damage_type': 26, 'time_ms': 584331}, {'account_id': '11845907', 'nickname': 'CanoㅤiGSㅤ', 'damage': 75, 'damage_type': 26, 'time_ms': 584859}]",0,0,2
id1621919282684801024,1,387227129,3901.5298,1675530711,0,False,1315000021,100,0,6,1,"[3206, 5306, 3806, 2306]",0,4,0,1,403,309,0,0,"[{""weapon_id"": 34, ""shoots"": 2, ""hits"": 0, ""headshots"": 0, ""kills"": 0, ""damage"": 0, ""weapon_name"": ""KATANA""}, {""weapon_id"": 48, ""shoots"": 18, ""hits"": 1, ""headshots"": 0, ""kills"": 0, ""damage"": 44, ""weapon_name"": ""M21A5""}, {""weapon_id"": 1, ""shoots"": 6, ""hits"": 0, ""headshots"": 0, ""kills"": 0, ""damage"": 0, ""weapon_name"": ""FIST""}]",True,3,102000020,0,306,0,0,3,0,285,1,1,0,0,6KㅤAlexjrㅤM,1,18,[],598,Six Karma,1,1675530863,0,598,,,,,,,Far-sighted,1,False,False,0,"[{'account_id': '10179456', 'nickname': 'GDPㅤCurry10', 'damage': 167, 'damage_type': 48, 'time_ms': 587301}, {'account_id': '10179456', 'nickname': 'GDPㅤCurry10', 'damage': 55, 'damage_type': 48, 'time_ms': 592185}]",0,0,2
id1621919282684801024,1,37205862,4067.1272,1675530711,0,False,1315000011,188,0,1,1,"[2306, 2806, 4806, 2606]",0,4,0,3,402,302,0,0,"[{""weapon_id"": 48, ""shoots"": 11, ""hits"": 1, ""headshots"": 0, ""kills"": 0, ""damage"": 36, ""weapon_name"": ""M21A5""}, {""weapon_id"": 1, ""shoots"": 3, ""hits"": 0, ""headshots"": 0, ""kills"": 0, ""damage"": 0, ""weapon_name"": ""FIST""}, {""weapon_id"": 601, ""shoots"": 0, ""hits"": 0, ""headshots"": 0, ""kills"": 0, ""damage"": 152, ""weapon_name"": ""Grenade""}]",True,3,102000016,0,0,0,0,3,0,441,0,6,0,0,6KㅤAŁANㅤ,1,11,[],598,Six Karma,1,1675530863,0,598,,,,,,,Helping Hand,1,False,False,0,"[{'account_id': '389418967', 'nickname': 'GDPㅤMorato', 'damage': 54, 'damage_type': 48, 'time_ms': 580866}, {'account_id': '389418967', 'nickname': 'GDPㅤMorato', 'damage': 54, 'damage_type': 48, 'time_ms': 581691}, {'account_id': '389418967', 'nickname': 'GDPㅤMorato', 'damage': 329, 'damage_type': 48, 'time_ms': 582120}]",0,0,2
id1621919282684801024,1,217356805,3780.7017,1675530711,0,False,1315000008,1841,0,5,48,"[3206, 5706, 3806, 5306]",5,6,0,1,402,0,2,0,"[{""weapon_id"": 1, ""shoots"": 23, ""hits"": 9, ""headshots"": 3, ""kills"": 2, ""damage"": 410, ""weapon_name"": ""FIST""}, {""weapon_id"": 48, ""shoots"": 16, ""hits"": 10, ""headshots"": 1, ""kills"": 2, ""damage"": 813, ""weapon_name"": ""M21A5""}, {""weapon_id"": 5, ""shoots"": 138, ""hits"": 38, ""headshots"": 0, ""kills"": 1, ""damage"": 611, ""weapon_name"": ""M1014""}]",True,3,102000020,832,305,0,5,3,1,548,1,0,1,2,VGㅤPapi.10,1,154,"[{""skill_id"": 3806, ""active_count"": 2, ""skill_name"": ""Time Turner""}]",534,VIRUS GAMING,5,1675530863,0,534,,,,,,,Skyline Spree,1,False,False,2,"[{'account_id': '108965053', 'nickname': 'R7ㅤPatron17', 'damage': 17, 'damage_type': 186, 'time_ms': 528264}, {'account_id': '566205332', 'nickname': 'R7ㅤCRISTO888', 'damage': 13, 'damage_type': 50, 'time_ms': 529518}, {'account_id': '566205332', 'nickname': 'R7ㅤCRISTO888', 'damage': 13, 'damage_type': 50, 'time_ms': 529518}, {'account_id': '566205332', 'nickname': 'R7ㅤCRISTO888', 'damage': 13, 'damage_type': 50, 'time_ms': 529518}, {'account_id': '566205332', 'nickname': 'R7ㅤCRISTO888', 'damage': 13, 'damage_type': 50, 'time_ms': 529518}, {'account_id': '566205332', 'nickname': 'R7ㅤCRISTO888', 'damage': 16, 'damage_type': 50, 'time_ms': 529749}, {'account_id': '566205332', 'nickname': 'R7ㅤCRISTO888', 'damage': 16, 'damage_type': 50, 'time_ms': 529749}, {'account_id': '566205332', 'nickname': 'R7ㅤCRISTO888', 'damage': 13, 'damage_type': 50, 'time_ms': 529749}, {'account_id': '566205332', 'nickname': 'R7ㅤCRISTO888', 'damage': 16, 'damage_type': 50, 'time_ms': 529749}, {'account_id': '566205332', 'nickname': 'R7ㅤCRISTO888', 'damage': 16, 'damage_type': 50, 'time_ms': 529947}, {'account_id': '566205332', 'nickname': 'R7ㅤCRISTO888', 'damage': 16, 'damage_type': 50, 'time_ms': 529947}, {'account_id': '566205332', 'nickname': 'R7ㅤCRISTO888', 'damage': 16, 'damage_type': 50, 'time_ms': 529947}, {'account_id': '566205332', 'nickname': 'R7ㅤCRISTO888', 'damage': 16, 'damage_type': 50, 'time_ms': 529947}, {'account_id': '566205332', 'nickname': 'R7ㅤCRISTO888', 'damage': 17, 'damage_type': 50, 'time_ms': 530112}, {'account_id': '566205332', 'nickname': 'R7ㅤCRISTO888', 'damage': 17, 'damage_type': 50, 'time_ms': 530343}]",0,0,10
id1621919282684801024,1,150086365,5233.948,1675530711,0,False,1315000011,457,0,1,26,"[3206, 5506, 4806, 2306]",0,6,0,0,403,301,0,0,"[{""weapon_id"": 1, ""shoots"": 1, ""hits"": 0, ""headshots"": 0, ""kills"": 0, ""damage"": 0, ""weapon_name"": ""FIST""}, {""weapon_id"": 6, ""shoots"": 23, ""hits"": 1, ""headshots"": 0, ""kills"": 0, ""damage"": 22, ""weapon_name"": ""AK""}, {""weapon_id"": 57, ""shoots"": 5, ""hits"": 2, ""headshots"": 0, ""kills"": 0, ""damage"": 26, ""weapon_name"": ""AR15""}, {""weapon_id"": 184, ""shoots"": 36, ""hits"": 23, ""headshots"": 4, ""kills"": 0, ""damage"": 350, ""weapon_name"": ""M1014-I""}]",True,3,102000020,0,305,3,1,3,0,300,0,2,4,0,VGㅤBenja25.,1,64,"[{""skill_id"": 5506, ""active_count"": 3, ""skill_name"": ""Senses Shockwave""}]",705,VIRUS GAMING,5,1675530863,0,705,,,,,,,Helping Hand,1,False,False,0,"[{'account_id': '566205332', 'nickname': 'R7ㅤCRISTO888', 'damage': 13, 'damage_type': 50, 'time_ms': 480447}, {'account_id': '566205332', 'nickname': 'R7ㅤCRISTO888', 'damage': 13, 'damage_type': 50, 'time_ms': 480447}, {'account_id': '566205332', 'nickname': 'R7ㅤCRISTO888', 'damage': 13, 'damage_type': 50, 'time_ms': 480447}, {'account_id': '566205332', 'nickname': 'R7ㅤCRISTO888', 'damage': 13, 'damage_type': 50, 'time_ms': 480447}, {'account_id': '566205332', 'nickname': 'R7ㅤCRISTO888', 'damage': 16, 'damage_type': 50, 'time_ms': 482922}, {'account_id': '566205332', 'nickname': 'R7ㅤCRISTO888', 'damage': 16, 'damage_type': 50, 'time_ms': 482955}, {'account_id': '566205332', 'nickname': 'R7ㅤCRISTO888', 'damage': 16, 'damage_type': 50, 'time_ms': 482955}, {'account_id': '566205332', 'nickname': 'R7ㅤCRISTO888', 'damage': 16, 'damage_type': 50, 'time_ms': 482955}, {'account_id': '566205332', 'nickname': 'R7ㅤCRISTO888', 'damage': 66, 'damage_type': 50, 'time_ms': 484440}]",3,0,10
id1621919282684801024,1,352108372,4160.5776,1675530711,0,False,1315000009,193,0,2,8,"[3206, 5306, 2806, 1906]",0,6,0,6,403,302,2,0,"[{""weapon_id"": 1, ""shoots"": 5, ""hits"": 1, ""headshots"": 0, ""kills"": 0, ""damage"": 15, ""weapon_name"": ""FIST""}, {""weapon_id"": 57, ""shoots"": 12, ""hits"": 8, ""headshots"": 0, ""kills"": 0, ""damage"": 104, ""weapon_name"": ""AR15""}, {""weapon_id"": 43, ""shoots"": 38, ""hits"": 0, ""headshots"": 0, ""kills"": 0, ""damage"": 0, ""weapon_name"": ""THOMPSON""}, {""weapon_id"": 48, ""shoots"": 1, ""hits"": 0, ""headshots"": 0, ""kills"": 0, ""damage"": 0, ""weapon_name"": ""M21A5""}]",True,3,102000020,0,306,0,0,3,1,1054,1,0,0,0,VGㅤMati.$,1,51,"[{""skill_id"": 1906, ""active_count"": 3, ""skill_name"": ""Thrill of Battle""}]",641,VIRUS GAMING,5,1675530863,0,641,,,,,,,Smooth Gloo,1,False,False,2,"[{'account_id': '421584771', 'nickname': 'R7ㅤCRISSㅤ', 'damage': 61, 'damage_type': 7, 'time_ms': 636966}, {'account_id': '421584771', 'nickname': 'R7ㅤCRISSㅤ', 'damage': 62, 'damage_type': 7, 'time_ms': 637065}, {'account_id': '421584771', 'nickname': 'R7ㅤCRISSㅤ', 'damage': 14, 'damage_type': 7, 'time_ms': 637164}, {'account_id': '11804073', 'nickname': 'R7ㅤJuan7', 'damage': 20, 'damage_type': 86, 'time_ms': 639144}, {'account_id': '11804073', 'nickname': 'R7ㅤJuan7', 'damage': 20, 'damage_type': 86, 'time_ms': 639144}, {'account_id': '11804073', 'nickname': 'R7ㅤJuan7', 'damage': 20, 'damage_type': 86, 'time_ms': 639144}, {'account_id': '11804073', 'nickname': 'R7ㅤJuan7', 'damage': 20, 'damage_type': 86, 'time_ms': 639144}, {'account_id': '11804073', 'nickname': 'R7ㅤJuan7', 'damage': 24, 'damage_type': 86, 'time_ms': 639144}]",0,0,10
id1621919282684801024,1,147752625,3877.9438,1675530711,0,False,1315000021,270,0,0,10,"[4306, 3106, 4906, 4806]",0,6,0,0,402,0,0,0,"[{""weapon_id"": 82, ""shoots"": 22, ""hits"": 0, ""headshots"": 0, ""kills"": 0, ""damage"": 0, ""weapon_name"": ""M4A1-z""}, {""weapon_id"": 1, ""shoots"": 1, ""hits"": 1, ""headshots"": 1, ""kills"": 0, ""damage"": 110, ""weapon_name"": ""FIST""}, {""weapon_id"": 181, ""shoots"": 40, ""hits"": 10, ""headshots"": 0, ""kills"": 0, ""damage"": 160, ""weapon_name"": ""M1216""}]",True,3,102000028,0,305,1,0,3,0,277,0,0,0,0,VGㅤKarlos21,1,62,"[{""skill_id"": 3106, ""active_count"": 2, ""skill_name"": ""Tracing Steps""}]",637,VIRUS GAMING,5,1675530863,0,637,,,,,,,Far-sighted,1,False,False,0,"[{'account_id': '566205332', 'nickname': 'R7ㅤCRISTO888', 'damage': 343, 'damage_type': 48, 'time_ms': 634623}]",0,0,10
id1621919282684801024,1,324871186,1737.2125,1675530711,0,False,1315000011,383,0,0,15,"[3206, 2306, 1906, 4806]",0,2,0,0,403,301,0,2,"[{""weapon_id"": 54, ""shoots"": 40, ""hits"": 15, ""headshots"": 2, ""kills"": 0, ""damage"": 358, ""weapon_name"": ""KORD""}, {""weapon_id"": 150, ""shoots"": 12, ""hits"": 0, ""headshots"": 0, ""kills"": 0, ""damage"": 0, ""weapon_name"": ""PP19""}]",True,3,102000020,0,304,1,0,3,0,0,0,0,2,0,ZLTㅤKloss09,1,52,"[{""skill_id"": 1906, ""active_count"": 1, ""skill_name"": ""Thrill of Battle""}]",244,ZYLANT,3,1675530863,0,244,,,,,,,Helping Hand,1,False,False,0,"[{'account_id': '389418967', 'nickname': 'GDPㅤMorato', 'damage': 36, 'damage_type': 48, 'time_ms': 236115}, {'account_id': '6842603225', 'nickname': 'GDPㅤAUTOBOOT', 'damage': 40, 'damage_type': 48, 'time_ms': 236313}, {'account_id': '389418967', 'nickname': 'GDPㅤMorato', 'damage': 31, 'damage_type': 48, 'time_ms': 236544}, {'account_id': '6842603225', 'nickname': 'GDPㅤAUTOBOOT', 'damage': 36, 'damage_type': 48, 'time_ms': 236709}, {'account_id': '19551888', 'nickname': 'GDPㅤMolina.', 'damage': 71, 'damage_type': 18, 'time_ms': 236742}]",0,0,5
id1621919282684801024,1,162073009,1913.4672,1675530711,0,False,1315000012,494,0,0,32,"[5306, 3206, 5706, 2606]",1,2,0,1,402,303,1,1,"[{""weapon_id"": 33, ""shoots"": 6, ""hits"": 2, ""headshots"": 1, ""kills"": 1, ""damage"": 115, ""weapon_name"": ""AN94""}, {""weapon_id"": 184, ""shoots"": 24, ""hits"": 7, ""headshots"": 0, ""kills"": 0, ""damage"": 134, ""weapon_name"": ""M1014-I""}, {""weapon_id"": 34, ""shoots"": 1, ""hits"": 0, ""headshots"": 0, ""kills"": 0, ""damage"": 0, ""weapon_name"": ""KATANA""}, {""weapon_id"": 41, ""shoots"": 50, ""hits"": 23, ""headshots"": 0, ""kills"": 0, ""damage"": 237, ""weapon_name"": ""M1887""}]",True,3,101000026,0,0,0,2,3,0,303,0,0,1,1,ZLTㅤDIPER10.,1,80,[],261,ZYLANT,3,1675530863,0,261,,,,,,,Dragon Glare,1,False,False,1,"[{'account_id': '10179456', 'nickname': 'GDPㅤCurry10', 'damage': 13, 'damage_type': 88, 'time_ms': 241296}, {'account_id': '10179456', 'nickname': 'GDPㅤCurry10', 'damage': 22, 'damage_type': -31, 'time_ms': 242187}, {'account_id': '19551888', 'nickname': 'GDPㅤMolina.', 'damage': 37, 'damage_type': 18, 'time_ms': 244959}, {'account_id': '19551888', 'nickname': 'GDPㅤMolina.', 'damage': 30, 'damage_type': 18, 'time_ms': 245982}]",0,0,5
id1621919282684801024,1,81636989,1959.0554,1675530711,0,False,1315000021,167,0,1,3,"[3206, 3106, 2706, 1106]",0,2,0,0,402,302,1,2,"[{""weapon_id"": 58, ""shoots"": 14, ""hits"": 0, ""headshots"": 0, ""kills"": 0, ""damage"": 0, ""weapon_name"": ""UZI""}, {""weapon_id"": 48, ""shoots"": 7, ""hits"": 3, ""headshots"": 0, ""kills"": 0, ""damage"": 167, ""weapon_name"": ""M21A5""}, {""weapon_id"": 1, ""shoots"": 3, ""hits"": 0, ""headshots"": 0, ""kills"": 0, ""damage"": 0, ""weapon_name"": ""FIST""}]",True,3,102000020,0,0,0,0,3,0,3,0,0,0,0,ZLTㅤCESARㅤL,1,21,"[{""skill_id"": 3106, ""active_count"": 3, ""skill_name"": ""Tracing Steps""}]",246,ZYLANT,3,1675530863,0,246,,,,,,,Far-sighted,1,False,False,1,"[{'account_id': '10179456', 'nickname': 'GDPㅤCurry10', 'damage': 148, 'damage_type': 57, 'time_ms': 234729}, {'account_id': '10179456', 'nickname': 'GDPㅤCurry10', 'damage': 122, 'damage_type': 57, 'time_ms': 234828}]",0,0,5
id1621919282684801024,1,407481584,2045.8903,1675530711,0,False,1315000008,899,0,0,6,"[3806, 2506, 3206, 1106]",2,2,0,0,402,303,1,0,"[{""weapon_id"": 16, ""shoots"": 1, ""hits"": 0, ""headshots"": 0, ""kills"": 0, ""damage"": 0, ""weapon_name"": ""CHANGUO""}, {""weapon_id"": 127, ""shoots"": 22, ""hits"": 6, ""headshots"": 4, ""kills"": 2, ""damage"": 898, ""weapon_name"": ""GoldM14-III""}]",True,3,102000024,128,0,0,3,3,1,284,0,0,4,2,ZLTㅤFixa03.,1,22,"[{""skill_id"": 3806, ""active_count"": 1, ""skill_name"": ""Time Turner""}]",262,ZYLANT,3,1675530863,0,262,,,,,,,Skyline Spree,1,False,False,1,[],0,0,5
